ID,Artist
awesome98,michael jackson
kkkrrr111,the beatles
salah92,The Beatles
sodowe,Queen
holyday13,michael jackson
youngkang,Michael Jackson
yoonsoolee,Stevie Wonder
minamina,MichaelJackson
absolute99,michael jackson
sineuikim,the beatles
katekim,Led zeppelin
rlawlsdn91,queen
dlwlrma,U2
hhhkkk1231,Queen
ronaldo07,Led zeppelin
withyj,MichaelJackson
yesterdays,Stevie Wonder
yellow188,Michael Jackson
krimss,Elton John
slaeknn,Stevie Wonder
sl09sl,MichaelJackson
ndknweqq,Elvis Presley
sdlknvds,u2
abbaabba,The Beatles
sooooool99,the beatles
skenkggg,bob dylan
dfsklnwq,The Beatles 
llddfett,elvis presley
rappers,Elvis Presley
lfc1994,the beatles
bailly3121,jimi hendrix
bostonon,Elton John
beerking,The Beatles
speakers,jimi hendrix
ykkong,bob dylan
hyukoh,prince
doravis,Elton John
kuma13,The Beatles
oreokids,Elvis Presley
youusyou,Prince
changgilee,Prince
multiverse,The Beatles
myunghoon,bob dylan
jameslee,Madonna
kayne,Stevie Wonder
jackssss,Stevie Wonder
loftscene,Pink Floyd
galaxy13,Madonna
rocknrock,Nirvana
alwekfn,Marvin Gaye
asdfklnw,stevie wonder
vdsggg,Radiohead
wleknz,Marvin Gaye
sdflwekj13,Nirvana
wwnlskd,Stevie Wonder
deekens,pink floyd
fastfastfast,Joni Mitchell
123doops,Pink Floyd
nononoyes,David Bowie
alske13eekf,Rolling Stones
slslslooo,Pink Floyd